事件ID,事件标题,事件描述,选项文本,艾萨克,莫甘娜,小葵,辛竹,进度,满意度,士气,预算,PRD效果,周效果
event_001,凌晨三点的需求,甲方在群里@了你，发来59秒语音方阵。,接下需求，安排RD加班,-5,,,10,5,,,-8,新增需求#408：批量导出功能,本周加班严重，团队略显疲惫
event_001,凌晨三点的需求,甲方在群里@了你，发来59秒语音方阵。,拒绝需求，跟甲方谈判,,,5,,-15,5,,需求变更记录：拒绝非核心需求,团队士气有所提升，但甲方关系紧张
event_001,凌晨三点的需求,甲方在群里@了你，发来59秒语音方阵。,让QA帮忙评估需求,,3,,5,0,,,,需求评估记录：QA参与需求分析,莫甘娜参与度提高，团队协作加强
event_002,代码review危机,艾萨克提交的代码被发现有严重性能问题。,严厉批评艾萨克,-10,,,,,-5,,,-8,代码规范更新：增加性能审查环节,艾萨克情绪低落，但代码质量意识提升
event_002,代码review危机,艾萨克提交的代码被发现有严重性能问题。,一起分析问题，帮助改进,5,3,,,5,,,,,-8,新增：代码review流程优化,团队氛围变好，问题得到妥善解决
event_002,代码review危机,艾萨克提交的代码被发现有严重性能问题。,让小葵组织团建缓解压力,,,5,3,,-3,,-12,团队建设记录：缓解开发压力,团建效果不错，大家又充满干劲
event_003,测试用例争议,莫甘娜认为测试用例覆盖不足，要求增加测试。,,莫甘娜，增加测试用例,5,,-5,3,,,,-5,测试计划更新：增加回归测试用例,莫甘娜很满意，测试覆盖率提升
event_003,测试用例争议,莫甘娜认为测试用例覆盖不足，要求增加测试。,说服莫甘娜先上线再迭代,,-3,,5,-5,,,-5,发布计划调整：优先上线,项目进度加快，但莫甘娜有些不满
event_003,测试用例争议,莫甘娜认为测试用例覆盖不足，要求增加测试。,让小葵协调双方意见,,,3,2,2,0,,,,沟通记录：协调开发与测试,小葵的协调能力得到认可
event_004,运营数据异常,小葵发现用户留存数据出现异常波动。,让RD紧急排查问题,-5,,5,,-10,,,,紧急修复：用户留存数据问题,问题快速解决，小葵很感激
event_004,运营数据异常,小葵发现用户留存数据出现异常波动。,让QA先定位问题原因,,5,3,,-5,,,,问题分析记录：数据异常排查,QA和运营协作更加顺畅
event_004,运营数据异常,小葵发现用户留存数据出现异常波动。,召开紧急会议一起讨论,2,2,2,,,-3,,,,会议记录：数据异常应对方案,团队凝聚力提升，问题妥善解决
event_005,版本发布延期,原计划本周发布的版本因为bug太多需要延期。,要求团队加班赶工,-8,-5,,,10,,-15,,发布计划更新：版本延期至下周,团队压力很大，抱怨声不断
event_005,版本发布延期,原计划本周发布的版本因为bug太多需要延期。,向甲方说明情况，请求延期,,,5,,-15,,,,沟通记录：版本延期说明,甲方表示理解，团队松了一口气
event_005,版本发布延期,原计划本周发布的版本因为bug太多需要延期。,组织复盘会总结经验,3,3,3,,,-8,,,,复盘记录：发布延期原因分析,团队从失败中学习，氛围积极
event_006,需求变更风暴,甲方突然提出大量需求变更，超出了原计划范围。,全部接受，保证客户满意,-10,-8,,,15,,,,-5,需求变更记录：接受甲方新增需求,团队负担加重，加班已成常态
event_006,需求变更风暴,甲方突然提出大量需求变更，超出了原计划范围。,评估后只接受核心需求,,3,,-10,,,,,-5,需求评估记录：筛选优先级,需求得到控制，团队压力可控
event_006,需求变更风暴,甲方突然提出大量需求变更，超出了原计划范围。,要求追加预算和时间,,,5,,-5,,,,合同变更：追加开发资源,甲方同意追加投入，团队士气回升
event_007,服务器宕机,线上服务器突然宕机，用户无法访问。,让艾萨克立即排查,-3,,,-5,-15,,,,紧急修复：服务器宕机问题,问题快速解决，但影响了部分用户
event_007,服务器宕机,线上服务器突然宕机，用户无法访问。,启动应急预案,,5,,-5,,,-20,,应急预案执行记录,响应迅速，用户影响降到最低
event_007,服务器宕机,线上服务器突然宕机，用户无法访问。,让小葵发布公告安抚用户,,,5,3,,-8,,,-8,用户沟通记录：宕机说明,用户反馈良好，团队协作默契
event_008,技术债务爆发,前期积累的技术债务导致新功能开发困难。,先重构再开发,5,,-10,-10,,,,,-5,技术债务清理计划,代码质量提升，但进度受阻
event_008,技术债务爆发,前期积累的技术债务导致新功能开发困难。,继续开发，后续再处理,-5,,,5,,,,,-8,技术债务记录：后续迭代处理,进度正常，但技术债务进一步累积
event_008,技术债务爆发,前期积累的技术债务导致新功能开发困难。,平衡重构与开发,2,2,,,,0,,,,技术债务管理策略,稳步推进，团队状态良好
event_009,设计稿被否决,辛竹提交的设计稿被甲方驳回，要求重新设计。,要求辛竹立刻重新设计,,,-8,,5,,,-5,设计变更：重新设计方案,辛竹压力很大，熬夜赶工
event_009,设计稿被否决,辛竹提交的设计稿被甲方驳回，要求重新设计。,和甲方沟通了解具体需求,,,3,3,,-5,,,,设计需求澄清记录,明确了需求方向，辛竹重获信心
event_009,设计稿被否决,辛竹提交的设计稿被甲方驳回，要求重新设计。,让团队一起帮忙出主意,,5,2,2,,-3,,,,设计评审会议记录,团队协作完成设计，效果超出预期
event_010,设计与开发冲突,艾萨克认为辛竹的设计过于复杂，难以实现。,支持艾萨克，要求简化设计,5,,,-5,0,,,,,-5,设计方案调整：简化实现,开发效率提升，但辛竹有些失望
event_010,设计与开发冲突,艾萨克认为辛竹的设计过于复杂，难以实现。,支持辛竹，要求开发克服困难,,,5,-5,3,,,,,-5,设计方案确认：保持原有设计,设计效果很好，但开发压力增大
event_010,设计与开发冲突,艾萨克认为辛竹的设计过于复杂，难以实现。,组织双方沟通，寻找折中方案,,3,3,3,0,,,,,-5,设计与开发协调记录,找到平衡点，双方都满意
event_011,竞品功能上线,竞品突然上线了一个我们正在开发的核心功能，甲方要求加快进度。,加速开发，快速上线,-6,-4,,15,8,,,-5,开发计划调整：竞品对标,进度大幅提升，但测试覆盖率下降
event_011,竞品功能上线,竞品突然上线了一个我们正在开发的核心功能，甲方要求加快进度。,分析竞品，优化我们的方案,,,4,3,-5,-3,,,-8,竞品分析记录：功能优化,产品方案更完善，但进度有所落后
event_011,竞品功能上线,竞品突然上线了一个我们正在开发的核心功能，甲方要求加快进度。,按原计划推进，保证质量,,5,2,,-8,,,-5,产品策略：坚持质量优先,质量有保证，但甲方有些着急
event_012,团队成员生病,艾萨克感冒发烧，精神状态不佳。,让艾萨克回家休息,8,,,-8,-5,,,-8,人员安排：艾萨克请假,艾萨克很感动，身体很快恢复
event_012,团队成员生病,艾萨克感冒发烧，精神状态不佳。,让他带病坚持，分担工作,-10,-3,,3,3,,,-8,工作安排：紧急调整,艾萨克病情加重，团队氛围变差
event_012,团队成员生病,艾萨克感冒发烧，精神状态不佳。,让莫甘娜和小葵帮忙分担,5,3,3,-3,,,,,-8,团队协作：互帮互助,团队凝聚力提升，艾萨克心存感激
event_013,用户反馈好评,用户在社交媒体上夸赞我们的产品，好评如潮！,组织团队庆祝,5,5,5,5,10,,-18,,里程碑记录：用户好评,团队士气高涨，大家都很开心
event_013,用户反馈好评,用户在社交媒体上夸赞我们的产品，好评如潮！,让小葵整理用户反馈,,,4,5,8,,,-5,用户反馈汇总,收集到很多有用的建议
event_013,用户反馈好评,用户在社交媒体上夸赞我们的产品，好评如潮！,让大家继续保持，不要骄傲,,3,2,,5,,,,,-5,团队激励：保持势头,团队状态稳定，继续稳步推进
event_014,接口文档缺失,后端接口文档更新不及时，前端开发受阻。,要求艾萨克立即补写文档,-5,,,-3,0,,,,,-5,流程改进：接口文档规范,文档规范了，但艾萨克有些不耐烦
event_014,接口文档缺失,后端接口文档更新不及时，前端开发受阻。,让莫甘娜帮忙整理文档,,4,3,-2,,,,,-5,协作记录：QA协助文档,QA和开发协作更顺畅了
event_014,接口文档缺失,后端接口文档更新不及时，前端开发受阻。,组织文档评审会,2,2,2,,-2,,,,,-5,文档评审记录,文档质量提升，大家都满意
event_015,第三方服务故障,我们依赖的第三方支付服务出现故障，影响用户交易。,让艾萨克紧急开发备用方案,-6,,-5,-10,,,-15,,紧急开发：备用支付方案,艾萨克压力很大，但问题得到缓解
event_015,第三方服务故障,我们依赖的第三方支付服务出现故障，影响用户交易。,让小葵发布公告并联系客服,,,5,,-5,,,-10,用户沟通：第三方服务故障,用户反馈良好，小葵处理得当
event_015,第三方服务故障,我们依赖的第三方支付服务出现故障，影响用户交易。,启动多方案并行应对,2,3,4,,-3,,,,,-8,应急预案启动：多方案并行,团队协作高效，问题快速解决
event_016,代码被抄袭,发现有竞品公司抄袭了我们的部分代码实现。,让小葵联系法务处理,,,4,,-3,,,-8,法务记录：代码抄袭事件,法务介入，维护了我们的权益
event_016,代码被抄袭,发现有竞品公司抄袭了我们的部分代码实现。,让艾萨克重构关键代码,-4,,,-8,0,,,,,-8,技术改进：代码重构,代码更安全，但进度受影响
event_016,代码被抄袭,发现有竞品公司抄袭了我们的部分代码实现。,加强技术壁垒，快速迭代,3,,3,5,5,,,-8,产品策略：快速迭代,产品优势扩大，团队充满斗志
event_017,新功能上线反响好,刚上线的新功能用户反馈非常好，数据表现超出预期！,给团队发奖金激励,6,6,6,6,10,,-20,,里程碑：新功能成功上线,大家都很开心，工作热情高涨
event_017,新功能上线反响好,刚上线的新功能用户反馈非常好，数据表现超出预期！,让小葵加大运营推广,,,5,8,12,,,-8,运营计划：加大推广,用户量快速增长，小葵成就感满满
event_017,新功能上线反响好,刚上线的新功能用户反馈非常好，数据表现超出预期！,让莫甘娜加强回归测试,,4,2,,5,,,-5,测试策略：加强回归,质量更有保障，莫甘娜很满意
event_018,加班餐事件,最近加班频繁，团队对加班餐不满意，抱怨声四起。,升级加班餐标准,4,4,4,4,-2,,-10,,团队福利：加班餐升级,大家都很满意，抱怨消失了
event_018,加班餐事件,最近加班频繁，团队对加班餐不满意，抱怨声四起。,让小葵收集大家的意见,,,3,2,,-1,,,-5,团队沟通：收集反馈,小葵积极协调，大家感觉被重视
event_018,加班餐事件,最近加班频繁，团队对加班餐不满意，抱怨声四起。,减少加班，提高效率,6,5,-5,-3,,,-10,,工作方式：效率优先,工作效率提升，团队氛围改善
event_019,面试候选人,有一个非常优秀的候选人来面试，大家都很看好。,高薪聘请，立即入职,,,3,2,-5,,-35,,团队扩张：新成员加入,新成员加入，团队实力增强
event_019,面试候选人,有一个非常优秀的候选人来面试，大家都很看好。,让团队成员一起面试评估,3,3,3,,,-2,,,-15,招聘流程：团队参与,大家都有参与感，对新人更认可
event_019,面试候选人,有一个非常优秀的候选人来面试，大家都很看好。,谨慎考察，多轮面试,,4,,,-1,,,-8,招聘策略：谨慎选择,招聘流程更规范，但时间较长
event_020,API设计分歧,艾萨克和莫甘娜对API设计方案产生了严重分歧。,支持艾萨克的方案,5,-5,,,0,,,,,-5,技术方案：采用艾萨克方案,开发效率提升，但莫甘娜有些失落
event_020,API设计分歧,艾萨克和莫甘娜对API设计方案产生了严重分歧。,支持莫甘娜的方案,-5,5,,,0,,,,,-5,技术方案：采用莫甘娜方案,可维护性提升，但艾萨克有些不服气
event_020,API设计分歧,艾萨克和莫甘娜对API设计方案产生了严重分歧。,组织技术评审会，投票决定,2,2,2,0,,,,,-5,技术评审：民主决策,双方都认可结果，团队氛围和谐
event_021,产品演示会,要向甲方做产品演示，大家都很紧张。,让小葵主持演示,,,5,,8,,,-5,产品演示：小葵主持,小葵表现出色，甲方很满意
event_021,产品演示会,要向甲方做产品演示，大家都很紧张。,让艾萨克演示技术亮点,4,,2,,6,,,,,-5,产品演示：技术亮点,技术实力得到认可，艾萨克很有成就感
event_021,产品演示会,要向甲方做产品演示，大家都很紧张。,团队一起准备，分工协作,3,3,3,3,10,,,-5,产品演示：团队协作,演示非常成功，团队凝聚力提升
event_022,内存泄漏问题,线上环境发现内存泄漏，需要紧急修复。,让艾萨克立即排查修复,-4,,-6,-8,,,-10,,紧急修复：内存泄漏,问题快速解决，艾萨克技术能力得到认可
event_022,内存泄漏问题,线上环境发现内存泄漏，需要紧急修复。,让莫甘娜帮忙复现问题,,4,2,,-5,,,,,-5,问题定位：QA协助,QA和开发配合默契
event_022,内存泄漏问题,线上环境发现内存泄漏，需要紧急修复。,启动监控和灰度发布,3,3,,-3,,,,,-5,线上策略：监控+灰度,问题平稳解决，风险可控
event_023,用户增长瓶颈,用户增长遇到瓶颈，数据停滞不前。,让小葵加大推广力度,,,4,3,-3,,,,运营策略：加大推广,小葵积极尝试，但效果有待观察
event_023,用户增长瓶颈,用户增长遇到瓶颈，数据停滞不前。,让辛竹优化用户体验,,,5,2,-4,-1,,,-8,产品优化：体验改进,用户体验提升，留存率改善
event_023,用户增长瓶颈,用户增长遇到瓶颈，数据停滞不前。,让团队一起头脑风暴,2,2,3,3,0,,,,,-5,产品会议：头脑风暴,很多创意涌现，团队充满活力
event_024,版本回滚,上线后发现严重bug，必须紧急回滚版本。,立即回滚，保证用户体验,,5,,-8,,,-10,,版本回滚：紧急处理,用户影响最小化，但进度受影响
event_024,版本回滚,上线后发现严重bug，必须紧急回滚版本。,让艾萨克紧急修复后重新上线,-6,,5,-10,,,-15,,紧急修复：快速重发,艾萨克压力很大，但问题快速解决
event_024,版本回滚,上线后发现严重bug，必须紧急回滚版本。,组织复盘，完善流程,3,4,,-5,,,-10,,复盘记录：版本回滚,流程得到完善，团队成长
event_025,团队生日,今天是小葵的生日！,组织生日派对,3,3,8,3,-2,,-15,,团队活动：生日庆祝,大家都很开心，团队氛围超好
event_025,团队生日,今天是小葵的生日！,准备惊喜礼物,,,,6,-1,,-8,,团队关怀：生日礼物,小葵很感动，工作更有动力
event_025,团队生日,今天是小葵的生日！,让大家签名写祝福卡片,2,2,5,2,,,,,-5,团队纪念：生日卡片,简单但温馨，小葵很喜欢
event_026,竞品挖人,有猎头联系艾萨克，想要挖他去竞品公司。,给艾萨克加薪挽留,6,,,,-5,,,-15,,团队稳定：薪资调整,艾萨克很感激，决心好好干
event_026,竞品挖人,有猎头联系艾萨克，想要挖他去竞品公司。,和艾萨克坦诚沟通,4,,2,,-2,,,-8,团队沟通：职业规划,艾萨克感受到被重视，更加忠诚
event_026,竞品挖人,有猎头联系艾萨克，想要挖他去竞品公司。,给艾萨克更多成长机会,5,,2,,-1,,,-5,团队发展：晋升机会,艾萨克对未来更有期待，干劲十足
event_027,黑客攻击,网站遭受DDoS攻击，服务响应缓慢。,让艾萨克紧急应对攻击,-5,,-8,-12,,,-20,,安全事件：DDoS攻击应对,艾萨克熬夜解决问题，非常辛苦
event_027,黑客攻击,网站遭受DDoS攻击，服务响应缓慢。,启动CDN和防护服务,,4,,-8,,,-20,,安全加固：CDN+防护,防护措施到位，服务快速恢复
event_027,黑客攻击,网站遭受DDoS攻击，服务响应缓慢。,让小葵对外发布公告,,,4,2,-6,,,-10,用户沟通：安全事件公告,用户表示理解，团队协作顺畅
event_028,代码开源,公司决定开源我们的核心组件库，这是个大新闻！,让艾萨克主导开源工作,7,,,-5,5,,,-8,里程碑：组件库开源,艾萨克很兴奋，在业界获得知名度
event_028,代码开源,公司决定开源我们的核心组件库，这是个大新闻！,让莫甘娜编写测试用例,,5,3,,3,,,-8,开源准备：测试覆盖,代码质量提升，莫甘娜很有成就感
event_028,代码开源,公司决定开源我们的核心组件库，这是个大新闻！,让小葵负责社区运营,,,5,,8,,,-5,开源社区：运营启动,社区活跃度高，公司影响力扩大